Film,Imdb,Director,Description,Star,Time,Poster,Date
8.0,Nguyễn Quang Tuyến
8.0,Nguyễn Quang Tuyến
8.0,Nguyễn Quang Tuyến
8.0,Nguyễn Quang Tuyến
8.0,Nguyễn Quang Tuyến
8.0,Nguyễn Quang Tuyến
8.0,Nguyễn Quang Tuyến
7.9,Đỗ Nam
7.9,Đỗ Nam
7.9,Đỗ Nam
7.9,Đỗ Nam
7.9,Đỗ Nam
7.9,Đỗ Nam
7.9,Đỗ Nam
7.9,Đỗ Nam
7.9,Đỗ Nam
7.9,Đỗ Nam
5.0,Phan Minh
5.0,Phan Minh
5.0,Phan Minh
5.0,Phan Minh
4.0,Han Sang-hee
4.0,Han Sang-hee
4.0,Han Sang-hee
4.0,Han Sang-hee
5,Tsai Lex
5,Tsai Lex
5,Tsai Lex
5,Tsai Lex
5,Tsai Lex
5,Tsai Lex
5,Tsai Lex
5,Tsai Lex
9.1,Đức Thịnh
9.1,Đức Thịnh
9.1,Đức Thịnh
9.1,Đức Thịnh
9.1,Đức Thịnh
8.8,Nguyễn Hoàng Anh
8.8,Nguyễn Hoàng Anh
8.8,Nguyễn Hoàng Anh
8.8,Nguyễn Hoàng Anh
8.8,Nguyễn Hoàng Anh
8.8,Nguyễn Hoàng Anh
8.2,Dustin Nguyễn
8.2,Dustin Nguyễn
8.2,Dustin Nguyễn
8.2,Dustin Nguyễn
8.2,Dustin Nguyễn
8.2,Dustin Nguyễn
8.2,Dustin Nguyễn
8.2,Dustin Nguyễn
8.2,Dustin Nguyễn
6.0,Trần Ngọc Giàu
6.0,Trần Ngọc Giàu
6.0,Trần Ngọc Giàu
6.0,Trần Ngọc Giàu
6.0,Trần Ngọc Giàu
6.0,Trần Ngọc Giàu
6.0,Trần Ngọc Giàu
6.0,Trần Ngọc Giàu
6.0,Trần Ngọc Giàu
6.0,Trần Ngọc Giàu
6.0,Trần Ngọc Giàu
6.0,Trần Ngọc Giàu
2.9,Nguyễn Hà
2.9,Nguyễn Hà
2.9,Nguyễn Hà
2.9,Nguyễn Hà
9.3,Nguyễn Quang Dũng
9.3,Nguyễn Quang Dũng
9.3,Nguyễn Quang Dũng
9.3,Nguyễn Quang Dũng
9.3,Nguyễn Quang Dũng
9.3,Nguyễn Quang Dũng
9.3,Nguyễn Quang Dũng
9.3,Nguyễn Quang Dũng
9.3,Nguyễn Quang Dũng
9.3,Nguyễn Quang Dũng
9.3,Nguyễn Quang Dũng
9.3,Nguyễn Quang Dũng
8.2,Võ Thanh Hòa
8.2,Võ Thanh Hòa
8.2,Võ Thanh Hòa
8.2,Võ Thanh Hòa
8.2,Võ Thanh Hòa
8.2,Võ Thanh Hòa
8.2,Võ Thanh Hòa
8.2,Võ Thanh Hòa
8.2,Võ Thanh Hòa
8.2,Võ Thanh Hòa
8.2,Võ Thanh Hòa
8.2,Võ Thanh Hòa
4.7,Văn Công Viễn
4.7,Văn Công Viễn
4.7,Văn Công Viễn
4.7,Văn Công Viễn
4.7,Văn Công Viễn
5,Trương Quang Thịnh
5,Trương Quang Thịnh
5,Trương Quang Thịnh
5,Trương Quang Thịnh
5,Trương Quang Thịnh
5,Trương Quang Thịnh
5,Trương Quang Thịnh
5,Trương Quang Thịnh
8.1,Lý Hải
8.1,Lý Hải
8.1,Lý Hải
8.1,Lý Hải
8.1,Lý Hải
8.1,Lý Hải
8.1,Lý Hải
8.1,Lý Hải
8.1,Lý Hải
8.1,Lý Hải
8.1,Lý Hải
8.1,Lý Hải
8.1,Lý Hải
8.1,Lý Hải
8.1,Vũ Ngọc Phượng
8.1,Vũ Ngọc Phượng
8.1,Vũ Ngọc Phượng
8.1,Vũ Ngọc Phượng
8.1,Vũ Ngọc Phượng
8.1,Vũ Ngọc Phượng
8.1,Vũ Ngọc Phượng
7.4,Robie Trường
7.4,Robie Trường
7.4,Robie Trường
7.4,Robie Trường
7.4,Robie Trường
7.4,Robie Trường
7.4,Robie Trường
7.4,Robie Trường
7.4,Robie Trường
7.4,Robie Trường
5.0,Nguyễn Ngọc Hùng
5.0,Nguyễn Ngọc Hùng
5.0,Nguyễn Ngọc Hùng
5.0,Nguyễn Ngọc Hùng
5.0,Nguyễn Ngọc Hùng
5.0,Nguyễn Ngọc Hùng
5.0,Nguyễn Ngọc Hùng
5.0,Nguyễn Ngọc Hùng
5.0,Nguyễn Ngọc Hùng
5.0,Nguyễn Ngọc Hùng
8.7,Cao Thúy Nhi
8.7,Cao Thúy Nhi
8.7,Cao Thúy Nhi
8.7,Cao Thúy Nhi
8.7,Cao Thúy Nhi
8.7,Cao Thúy Nhi
8.7,Cao Thúy Nhi
8.7,Cao Thúy Nhi
8.7,Cao Thúy Nhi
8.7,Cao Thúy Nhi
8.7,Cao Thúy Nhi
8.7,Cao Thúy Nhi
6.8,Kawaii Nguyễn Tuấn Anh
6.8,Kawaii Nguyễn Tuấn Anh
6.8,Kawaii Nguyễn Tuấn Anh
6.8,Kawaii Nguyễn Tuấn Anh
6.8,Kawaii Nguyễn Tuấn Anh
6.8,Kawaii Nguyễn Tuấn Anh
6.8,Kawaii Nguyễn Tuấn Anh
6.8,Kawaii Nguyễn Tuấn Anh
6.8,Kawaii Nguyễn Tuấn Anh
6.8,Kawaii Nguyễn Tuấn Anh
6.8,Kawaii Nguyễn Tuấn Anh
8.3,Hứa Vĩ Văn
8.3,Hứa Vĩ Văn
8.3,Hứa Vĩ Văn
8.3,Hứa Vĩ Văn
8.3,Hứa Vĩ Văn
8.3,Hứa Vĩ Văn
8.3,Hứa Vĩ Văn
2.5,Vĩnh Thuyên
2.5,Vĩnh Thuyên
2.5,Vĩnh Thuyên
2.5,Vĩnh Thuyên
2.5,Vĩnh Thuyên
3.6,Duy Joseph
3.6,Duy Joseph
3.6,Duy Joseph
3.6,Duy Joseph
3.6,Duy Joseph
3.6,Duy Joseph
3.6,Duy Joseph
7.3,Lương Trung Tín
7.3,Lương Trung Tín
7.3,Lương Trung Tín
7.3,Lương Trung Tín
10.0,Leon Quang Lê
10.0,Leon Quang Lê
10.0,Leon Quang Lê
10.0,Leon Quang Lê
10.0,Leon Quang Lê
9.5,Charlie Nguyễn
9.5,Charlie Nguyễn
9.5,Charlie Nguyễn
9.5,Charlie Nguyễn
9.5,Charlie Nguyễn
9.5,Charlie Nguyễn
9.5,Charlie Nguyễn
9.5,Charlie Nguyễn
9.2,Thắng Vũ
9.2,Thắng Vũ
9.2,Thắng Vũ
9.2,Thắng Vũ
9.2,Thắng Vũ
9.2,Thắng Vũ
9.2,Thắng Vũ
9.3,Võ Thanh Hòa
9.3,Võ Thanh Hòa
9.3,Võ Thanh Hòa
9.3,Võ Thanh Hòa
9.3,Võ Thanh Hòa
9.3,Võ Thanh Hòa
9.3,Võ Thanh Hòa
9.3,Võ Thanh Hòa
9.3,Võ Thanh Hòa
9.3,Võ Thanh Hòa
9.1,Nguyễn Thành Vinh
9.1,Nguyễn Thành Vinh
9.1,Nguyễn Thành Vinh
9.1,Nguyễn Thành Vinh
9.1,Nguyễn Thành Vinh
9.1,Nguyễn Thành Vinh
9.1,Nguyễn Thành Vinh
9.1,Nguyễn Thành Vinh
9.1,Nguyễn Thành Vinh
9.1,Nguyễn Thành Vinh
9.1,Nguyễn Thành Vinh
9.1,Nguyễn Thành Vinh
9.1,Nguyễn Thành Vinh
9.1,Nguyễn Thành Vinh
9.1,Nguyễn Thành Vinh
1.0,Đinh Tuấn Vũ
1.0,Đinh Tuấn Vũ
1.0,Đinh Tuấn Vũ
1.0,Đinh Tuấn Vũ
1.0,Đinh Tuấn Vũ
1.0,Đinh Tuấn Vũ
7.7,Trần Nhân Kiên
7.7,Trần Nhân Kiên
7.7,Trần Nhân Kiên
5,Swann Dubus
5,Swann Dubus
6.7,Nguyễn Hoàng Duy
6.7,Nguyễn Hoàng Duy
6.7,Nguyễn Hoàng Duy
6.7,Nguyễn Hoàng Duy
6.7,Nguyễn Hoàng Duy
6.7,Nguyễn Hoàng Duy
7.1,Victor Vũ
7.1,Victor Vũ
7.1,Victor Vũ
7.1,Victor Vũ
7.1,Victor Vũ
7.1,Victor Vũ
7.1,Victor Vũ
7.1,Victor Vũ
7.1,Victor Vũ
7.1,Victor Vũ
8.2,Roland Nguyễn Nhân
8.2,Roland Nguyễn Nhân
8.2,Roland Nguyễn Nhân
8.2,Roland Nguyễn Nhân
8.2,Roland Nguyễn Nhân
5,
5,
5,
5,
5,
5,
5,
5,
5,
5,
5,
5,Nguyễn Đức Minh
5,Nguyễn Đức Minh
5,Cường Ngô
5,Cường Ngô
5,Cường Ngô
5,Cường Ngô
5,Bảo Nhân
5,Bảo Nhân
5,Bảo Nhân
5,Bảo Nhân
5,Bảo Nhân
5,Bảo Nhân
5,Bảo Nhân
5,Ken Ochiai
5,Ken Ochiai
5,Ken Ochiai
5,Ken Ochiai
5,Ken Ochiai
5,Ken Ochiai
5,Ken Ochiai
5,Ken Ochiai
5,Ken Ochiai
5,Ken Ochiai
5,Ken Ochiai
5,Ken Ochiai
5,Ken Ochiai
5,Ken Ochiai
5,Ken Ochiai
5,Hàm Trần
