Film,Predict Imdb
Táo Quậy,7.2
Vu Quy Đại Náo,5.6
Cua Lại Vợ Bầu,5.7
Trạng Quỳnh,7.8
Hai Phượng,7.1
Chị Mười Ba,6.3
Ngôi Nhà Bươm Bướm,6.1
Thiên Đường,5.8
Mục Tiêu Chết,7.1
Nhân Duyên: Anh Mãi Bên Em,7.0
Ghen,8.6
Hạnh Phúc Không Dành Cho Tình Nhân,7.6
Giấc Mơ Thứ 7,7.1
Yolo,5.6
Sứ Mạng Sinh Tử,4.8
Gameshow Tử Thần,7.3
The Dreamer,7.2
Bình Tĩnh Mà Yêu,5.8
Chuyến Xe Hạnh Phúc,5.6
"Mặt Trời, Con Ở Đâu",4.4
Sám Hối,7.3
Yêu Em Anh Chạm Vào Đâu,6.4
Tuyệt Vời Khi Ở Bên Em,7.2
Mùa Hè Năm Ấy,7.7
Người Vợ Ba,7.1
Tim Hằn Vết Sẹo,5.5
Mỹ Nhân Thần Sách,7.8
Ra Giêng Anh Cưới Em,6.3
